{"initial_reset_timestamp": 4.004168012, "timestamps": [16.323303918], "episode_lengths": [1000], "episode_rewards": [1015.2723620850867], "episode_types": ["t"]}