{"initial_reset_timestamp": 56548.566415272, "timestamps": [56589.070741246], "episode_lengths": [1000], "episode_rewards": [1181.2816516502926], "episode_types": ["t"]}