{"initial_reset_timestamp": 5.089258306, "timestamps": [48.100751761], "episode_lengths": [1000], "episode_rewards": [-32874.62366831505], "episode_types": ["t"]}