{"initial_reset_timestamp": 96250.359141321, "timestamps": [96290.46644391], "episode_lengths": [1000], "episode_rewards": [-47.93119051558191], "episode_types": ["t"]}