{"initial_reset_timestamp": 76290.452248782, "timestamps": [76332.27637027], "episode_lengths": [1000], "episode_rewards": [-147.06000144032413], "episode_types": ["t"]}