{"initial_reset_timestamp": 36232.010349868, "timestamps": [36275.057887403], "episode_lengths": [1000], "episode_rewards": [580.2591517522718], "episode_types": ["t"]}