{"initial_reset_timestamp": 7636.746669139, "timestamps": [7677.805255956], "episode_lengths": [1000], "episode_rewards": [350.7117512313318], "episode_types": ["t"]}