{"initial_reset_timestamp": 22048.064184003, "timestamps": [22089.853393074], "episode_lengths": [1000], "episode_rewards": [92.82377700441047], "episode_types": ["t"]}