{"initial_reset_timestamp": 37868.578713, "timestamps": [37910.378243129], "episode_lengths": [1000], "episode_rewards": [110.1642146594022], "episode_types": ["t"]}