{"initial_reset_timestamp": 5643.692637111, "timestamps": [5683.907725423], "episode_lengths": [1000], "episode_rewards": [130.1775912310248], "episode_types": ["t"]}