{"initial_reset_timestamp": 3.899429752, "timestamps": [21.99449844], "episode_lengths": [1438], "episode_rewards": [241.95715105481304], "episode_types": ["t"]}