{"initial_reset_timestamp": 1.772961836, "timestamps": [13.075075004], "episode_lengths": [1000], "episode_rewards": [1044.7811704993821], "episode_types": ["t"]}