{"initial_reset_timestamp": 4.118534062, "timestamps": [16.377756451], "episode_lengths": [1000], "episode_rewards": [1688.5979213007813], "episode_types": ["t"]}