{"initial_reset_timestamp": 3.596008748, "timestamps": [15.293997731], "episode_lengths": [1000], "episode_rewards": [1045.477493300964], "episode_types": ["t"]}