{"initial_reset_timestamp": 3.33909795, "timestamps": [16.919128568], "episode_lengths": [1000], "episode_rewards": [1744.2826275689727], "episode_types": ["t"]}